
# SAMPLE INSERTS INTO CheckIn
INSERT INTO CheckIn (day,num_checkins,c_bid) VALUES ('13-2',1,'JwUE5GmEO-sH1FuwJgKBlQ')
INSERT INTO CheckIn (day,num_checkins,c_bid) VALUES ('6-5',1,'JwUE5GmEO-sH1FuwJgKBlQ')
INSERT INTO CheckIn (day,num_checkins,c_bid) VALUES ('19-0',1,'JwUE5GmEO-sH1FuwJgKBlQ')
INSERT INTO CheckIn (day,num_checkins,c_bid) VALUES ('11-3',1,'JwUE5GmEO-sH1FuwJgKBlQ')
INSERT INTO CheckIn (day,num_checkins,c_bid) VALUES ('9-6',1,'JwUE5GmEO-sH1FuwJgKBlQ')
INSERT INTO CheckIn (day,num_checkins,c_bid) VALUES ('3-4',1,'JwUE5GmEO-sH1FuwJgKBlQ')
INSERT INTO CheckIn (day,num_checkins,c_bid) VALUES ('5-5',1,'JwUE5GmEO-sH1FuwJgKBlQ')
INSERT INTO CheckIn (day,num_checkins,c_bid) VALUES ('14-2',1,'JwUE5GmEO-sH1FuwJgKBlQ')
INSERT INTO CheckIn (day,num_checkins,c_bid) VALUES ('9-5',1,'JwUE5GmEO-sH1FuwJgKBlQ')
INSERT INTO CheckIn (day,num_checkins,c_bid) VALUES ('17-5',1,'JwUE5GmEO-sH1FuwJgKBlQ')

# SAMPLE INSERTS INTO Review
INSERT INTO Review (review_id,stars,review_text,votes_funny,votes_useful,votes_cool,review_date,r_bid,r_uid) VALUES (15SdjuK7DmYqUAj6rjGowg,5,'dr. goldberg offers everything i look for in a general practitioner.  he\'s nice and easy to talk to without being patronizing; he\'s always on time in seeing his patients; he\'s affiliated with a top-notch hospital (nyu) which my parents have explained to me is very important in case something happens and you need surgery; and you can get referrals to see specialists without having to see him first.  really, what more do you need?  i\'m sitting here trying to think of any complaints i have about him, but i\'m really drawing a blank.',0,2,1,2007-05-17,vcNAWiLM4dR7D2nwwJ7nCA,Xqd0DzHaiyRqVH3WRG7hzg)
INSERT INTO Review (review_id,stars,review_text,votes_funny,votes_useful,votes_cool,review_date,r_bid,r_uid) VALUES (RF6UnRTtG7tWMcrO2GEoAg,2,'Unfortunately, the frustration of being Dr. Goldberg\'s patient is a repeat of the experience I\'ve had with so many other doctors in NYC -- good doctor, terrible staff.  It seems that his staff simply never answers the phone.  It usually takes 2 hours of repeated calling to get an answer.  Who has time for that or wants to deal with it?  I have run into this problem with many other doctors and I just don\'t get it.  You have office workers, you have patients with medical needs, why isn\'t anyone answering the phone?  It\'s incomprehensible and not work the aggravation.  It\'s with regret that I feel that I have to give Dr. Goldberg 2 stars.',0,2,0,2010-03-22,vcNAWiLM4dR7D2nwwJ7nCA,H1kH6QZV7Le4zqTRNxoZow)
INSERT INTO Review (review_id,stars,review_text,votes_funny,votes_useful,votes_cool,review_date,r_bid,r_uid) VALUES (-TsVN230RCkLYKBeLsuz7A,4,'Dr. Goldberg has been my doctor for years and I like him.  I\'ve found his office to be fairly efficient.  Today I actually got to see the doctor a few minutes early!  \nHe seems very engaged with his patients and his demeanor is friendly, yet authoritative.    \nI\'m glad to have Dr. Goldberg as my doctor.',0,1,1,2012-02-14,vcNAWiLM4dR7D2nwwJ7nCA,zvJCcrpm2yOZrxKffwGQLA)
INSERT INTO Review (review_id,stars,review_text,votes_funny,votes_useful,votes_cool,review_date,r_bid,r_uid) VALUES (dNocEAyUucjT371NNND41Q,4,'Been going to Dr. Goldberg for over 10 years. I think I was one of his 1st patients when he started at MHMG. He\'s been great over the years and is really all about the big picture. It is because of him, not my now former gyn Dr. Markoff, that I found out I have fibroids. He explores all options with you and is very patient and understanding. He doesn\'t judge and asks all the right questions. Very thorough and wants to be kept in the loop on every aspect of your medical health and your life.',0,0,0,2012-03-02,vcNAWiLM4dR7D2nwwJ7nCA,KBLW4wJA_fwoWmMhiHRVOA)
INSERT INTO Review (review_id,stars,review_text,votes_funny,votes_useful,votes_cool,review_date,r_bid,r_uid) VALUES (ebcN2aqmNUuYNoyvQErgnA,4,'Got a letter in the mail last week that said Dr. Goldberg is moving to Arizona to take a new position there in June.  He will be missed very much.  \nI think finding a new doctor in NYC that you actually like might almost be as awful as trying to find a date!',0,2,1,2012-05-15,vcNAWiLM4dR7D2nwwJ7nCA,zvJCcrpm2yOZrxKffwGQLA)
INSERT INTO Review (review_id,stars,review_text,votes_funny,votes_useful,votes_cool,review_date,r_bid,r_uid) VALUES (_ePLBPrkrf4bhyiKWEn4Qg,1,'I don\'t know what Dr. Goldberg was like before  moving to Arizona, but let me tell you, STAY AWAY from this doctor and this office. I was going to Dr. Johnson before he left and Goldberg took over when Johnson left. He is not a caring doctor. He is only interested in the co-pay and having you come in for medication refills every month. He will not give refills and could less about patients\'s financial situations. Trying to get your 90 days mail away pharmacy prescriptions through this guy is a joke. And to make matters even worse, his office staff is incompetent. 90% of the time when you call the office, they\'ll put you through to a voice mail, that NO ONE ever answers or returns your call. Both my adult children and husband have decided to leave this practice after experiencing such frustration. The entire office has an attitude like they are doing you a favor. Give me a break! Stay away from this doc and the practice. You deserve better and they will not be there when you really need them. I have never felt compelled to write a bad review about anyone until I met this pathetic excuse for a doctor who is all about the money.',0,0,0,2013-04-19,vcNAWiLM4dR7D2nwwJ7nCA,Qrs3EICADUKNFoUq2iHStA)
INSERT INTO Review (review_id,stars,review_text,votes_funny,votes_useful,votes_cool,review_date,r_bid,r_uid) VALUES (kMu0knsSUFW2DZXqKkGWlg,5,'Top notch doctor in a top notch practice. Can\'t say I am surprised when I was referred to him by another doctor who I think is wonderful and because he went to one of the best medical schools in the country. \nIt is really easy to get an appointment. There is minimal wait to be seen and his bedside manner is great.',0,0,0,2014-01-02,vcNAWiLM4dR7D2nwwJ7nCA,jE5xVugujSaskAoh2DRx3Q)
INSERT INTO Review (review_id,stars,review_text,votes_funny,votes_useful,votes_cool,review_date,r_bid,r_uid) VALUES (onDPFgNZpMk-bT1zlForRA,5,'Dr. Eric Goldberg is a fantastic doctor who has correctly diagnosed every issue that my wife and I have had. Unlike many of my past doctors, Dr. Goldberg is very accessible and we have been able to schedule appointments with him and his staff very quickly. We are happy to have him in the neighborhood and look forward to being his patients for many years to come.',0,0,0,2014-01-08,vcNAWiLM4dR7D2nwwJ7nCA,QnhQ8G51XbUpVEyWY2Km-A)
INSERT INTO Review (review_id,stars,review_text,votes_funny,votes_useful,votes_cool,review_date,r_bid,r_uid) VALUES (I7Kte2FwXWPCwdm7ispu1A,4,'Pretty good dinner with a nice selection of food. Open 24 hours and provide nice service. I usually go here after a night of partying. My favorite dish is the Fried Chicken Eggs Benedict.',0,1,0,2008-07-07,JwUE5GmEO-sH1FuwJgKBlQ,zvNimI98mrmhgNOOrzOiGg)

# SAMPLE INSERTS INTO User
INSERT INTO User (user_id,name,fans,average_stars,yelping_since,votes_funny,votes_useful,votes_cool) VALUES (qtrmBGNqCvupHMHL_bKFgQ,Lee,0,3.83,2012-02,1,5,0)
INSERT INTO User (user_id,name,fans,average_stars,yelping_since,votes_funny,votes_useful,votes_cool) VALUES (0vscrHoajVRa1Yk19XWdwA,Jasmine,1,5.0,2010-09,5,20,11)
INSERT INTO User (user_id,name,fans,average_stars,yelping_since,votes_funny,votes_useful,votes_cool) VALUES (5Xh4Qc3rxhAQ_NcNtxLssQ,Harley,0,1.0,2012-01,0,1,0)
INSERT INTO User (user_id,name,fans,average_stars,yelping_since,votes_funny,votes_useful,votes_cool) VALUES (4dJLZvpYRcjQ6qDR5i7WsA,Tyler,0,4.33,2011-08,2,6,1)
INSERT INTO User (user_id,name,fans,average_stars,yelping_since,votes_funny,votes_useful,votes_cool) VALUES (e-G2NEjH2PCIl_Z6jbXIrA,Gary,0,3.19,2008-10,16,70,21)
INSERT INTO User (user_id,name,fans,average_stars,yelping_since,votes_funny,votes_useful,votes_cool) VALUES (Yap-E13OdirLr9w_X6mcCA,Jody,4,3.97,2008-06,33,72,39)
INSERT INTO User (user_id,name,fans,average_stars,yelping_since,votes_funny,votes_useful,votes_cool) VALUES (BwvlE7SguUtXP-InnJbjSw,Azariah,2,3.58,2010-04,23,28,18)
INSERT INTO User (user_id,name,fans,average_stars,yelping_since,votes_funny,votes_useful,votes_cool) VALUES (uygg55wWaEP0xTR7dHDg-g,Keith,0,2.0,2014-05,0,0,0)
INSERT INTO User (user_id,name,fans,average_stars,yelping_since,votes_funny,votes_useful,votes_cool) VALUES (as22TLsZn_SwVv4oCjxdMg,Clarinda,0,4.0,2013-11,0,2,0)

# SAMPLE INSERTS INTO Elite
INSERT INTO Elite (year,e_uid) VALUES (2012,'FmwWPEQMcxCGI5K1yqAXaA')
INSERT INTO Elite (year,e_uid) VALUES (2013,'FmwWPEQMcxCGI5K1yqAXaA')
INSERT INTO Elite (year,e_uid) VALUES (2014,'FmwWPEQMcxCGI5K1yqAXaA')
INSERT INTO Elite (year,e_uid) VALUES (2011,'WNCNmynlYmIkz2VeTlfVRw')
INSERT INTO Elite (year,e_uid) VALUES (2012,'WNCNmynlYmIkz2VeTlfVRw')
INSERT INTO Elite (year,e_uid) VALUES (2013,'WvhiRlcyEiy-XYwiCofzdg')
INSERT INTO Elite (year,e_uid) VALUES (2014,'WvhiRlcyEiy-XYwiCofzdg')
INSERT INTO Elite (year,e_uid) VALUES (2012,'B947dYEwuKxJLvY33bdG8g')
INSERT INTO Elite (year,e_uid) VALUES (2013,'B947dYEwuKxJLvY33bdG8g')
INSERT INTO Elite (year,e_uid) VALUES (2014,'B947dYEwuKxJLvY33bdG8g')

# SAMPLE INSERTS INTO Compliment
INSERT INTO Compliment (tag,c_uid,numTagged) VALUES ('cool','0vscrHoajVRa1Yk19XWdwA',2)
INSERT INTO Compliment (tag,c_uid,numTagged) VALUES ('photos','0vscrHoajVRa1Yk19XWdwA',1)
INSERT INTO Compliment (tag,c_uid,numTagged) VALUES ('funny','0vscrHoajVRa1Yk19XWdwA',1)
INSERT INTO Compliment (tag,c_uid,numTagged) VALUES ('more','0vscrHoajVRa1Yk19XWdwA',2)
INSERT INTO Compliment (tag,c_uid,numTagged) VALUES ('writer','0vscrHoajVRa1Yk19XWdwA',1)
INSERT INTO Compliment (tag,c_uid,numTagged) VALUES ('cool','Yap-E13OdirLr9w_X6mcCA',3)
INSERT INTO Compliment (tag,c_uid,numTagged) VALUES ('plain','Yap-E13OdirLr9w_X6mcCA',2)
INSERT INTO Compliment (tag,c_uid,numTagged) VALUES ('photos','Yap-E13OdirLr9w_X6mcCA',1)
INSERT INTO Compliment (tag,c_uid,numTagged) VALUES ('funny','Yap-E13OdirLr9w_X6mcCA',1)
INSERT INTO Compliment (tag,c_uid,numTagged) VALUES ('writer','Yap-E13OdirLr9w_X6mcCA',1)

# SAMPLE INSERTS INTO Friendship
INSERT INTO Friendship (friend1,friend2) VALUES ('0vscrHoajVRa1Yk19XWdwA','8wK7_qZ18mokBxw5zdSo9w')
INSERT INTO Friendship (friend1,friend2) VALUES ('0vscrHoajVRa1Yk19XWdwA','AdxHwIZAOhY4zNXspg6ITw')
INSERT INTO Friendship (friend1,friend2) VALUES ('0vscrHoajVRa1Yk19XWdwA','IV_LPLdaXrv4YCEXg12Aig')
INSERT INTO Friendship (friend1,friend2) VALUES ('0vscrHoajVRa1Yk19XWdwA','GrYE945votxByiK9dk9GDw')
INSERT INTO Friendship (friend1,friend2) VALUES ('Yap-E13OdirLr9w_X6mcCA','0DuUBFaOLSehYIV8R68G-A')
INSERT INTO Friendship (friend1,friend2) VALUES ('Yap-E13OdirLr9w_X6mcCA','RGKsjhg8cllRfVs-3PWT5A')
INSERT INTO Friendship (friend1,friend2) VALUES ('Yap-E13OdirLr9w_X6mcCA','2xl5reFNGc1w8qUmc6ZPxQ')
INSERT INTO Friendship (friend1,friend2) VALUES ('BwvlE7SguUtXP-InnJbjSw','EVWnjbS4hVbspI0M4YH4Pw')
INSERT INTO Friendship (friend1,friend2) VALUES ('BwvlE7SguUtXP-InnJbjSw','acuoEIpGPqKWvvFxWtDRVg')
INSERT INTO Friendship (friend1,friend2) VALUES ('BwvlE7SguUtXP-InnJbjSw','8LYEPulG-ltZro0oEBREdw')

# SAMPLE INSERTS INTO Business
INSERT INTO Business (business_id,review_count,name,state,full_address,longitude,latitude,city,open,type ) VALUES ('vcNAWiLM4dR7D2nwwJ7nCA',7,'Eric Goldberg, MD','AZ','4840 E Indian School Rd Ste 101 Phoenix, AZ 85018',-111.983758,33.499313,'Phoenix',True,'business')
INSERT INTO Business (business_id,review_count,name,state,full_address,longitude,latitude,city,open,type ) VALUES ('JwUE5GmEO-sH1FuwJgKBlQ',26,'Pine Cone Restaurant','WI','6162 US Highway 51 De Forest, WI 53532',-89.335844,43.238893,'De Forest',True,'business')
INSERT INTO Business (business_id,review_count,name,state,full_address,longitude,latitude,city,open,type ) VALUES ('uGykseHzyS5xAMWoN6YUqA',16,'Deforest Family Restaurant','WI','505 W North St De Forest, WI 53532',-89.353437,43.252267,'De Forest',True,'business')
INSERT INTO Business (business_id,review_count,name,state,full_address,longitude,latitude,city,open,type ) VALUES ('LRKJF43s9-3jG9Lgx4zODg',7,'Culver\'s','WI','4910 County Rd V De Forest, WI 53532',-89.374983,43.251045,'De Forest',True,'business')
INSERT INTO Business (business_id,review_count,name,state,full_address,longitude,latitude,city,open,type ) VALUES ('RgDg-k9S5YD_BaxMckifkg',3,'Chang Jiang Chinese Kitchen','WI','631 S Main St De Forest, WI 53532',-89.3437217,43.2408748,'De Forest',True,'business')
INSERT INTO Business (business_id,review_count,name,state,full_address,longitude,latitude,city,open,type ) VALUES ('rdAdANPNOcvUtoFgcaY9KA',33,'Green Lantern Restaurant','WI','4412 Siggelkow Rd Mc Farland, WI 53558',-89.3061344,43.0256436,'Mc Farland',True,'business')
INSERT INTO Business (business_id,review_count,name,state,full_address,longitude,latitude,city,open,type ) VALUES ('_wZTYYL7cutanzAnJUTGMA',31,'Beach House Restaurant & Lounge','WI','4506 Larson Beach Rd Mc Farland, WI 53558',-89.303789,43.017701,'Mc Farland',True,'business')
INSERT INTO Business (business_id,review_count,name,state,full_address,longitude,latitude,city,open,type ) VALUES ('XrzTVrJAjs0yYLvhFI9vkQ',9,'Parsonage Bed & Breakfast the','WI','5508 Broadhead St Mc Farland, WI 53558',-89.285206,43.015931,'Mc Farland',True,'business')
INSERT INTO Business (business_id,review_count,name,state,full_address,longitude,latitude,city,open,type ) VALUES ('zOc8lbjViUZajbY7M0aUCQ',4,'Spartan Pizza','WI','5813 Main St Mc Farland, WI 53558',-89.288567,43.014164,'Mc Farland',True,'business')
INSERT INTO Business (business_id,review_count,name,state,full_address,longitude,latitude,city,open,type ) VALUES ('UgjVZTSOaYoEvws_lAP_Dw',8,'Main Moon Chinese Restaurant','WI','4850 Larson Beach Rd Mc Farland, WI 53558',-89.2986278,43.0179387,'Mc Farland',True,'business')

# SAMPLE INSERTS INTO Days_of_Week
INSERT INTO Days_of_Week (day,open,close,h_bid) VALUES ('Thursday','None','None','vcNAWiLM4dR7D2nwwJ7nCA')
INSERT INTO Days_of_Week (day,open,close,h_bid) VALUES ('Wednesday','None','None','vcNAWiLM4dR7D2nwwJ7nCA')
INSERT INTO Days_of_Week (day,open,close,h_bid) VALUES ('Friday','None','None','vcNAWiLM4dR7D2nwwJ7nCA')
INSERT INTO Days_of_Week (day,open,close,h_bid) VALUES ('Monday','None','None','vcNAWiLM4dR7D2nwwJ7nCA')
INSERT INTO Days_of_Week (day,open,close,h_bid) VALUES ('Tuesday','None','None','vcNAWiLM4dR7D2nwwJ7nCA')
INSERT INTO Days_of_Week (day,open,close,h_bid) VALUES ('Saturday','None','None','uGykseHzyS5xAMWoN6YUqA')
INSERT INTO Days_of_Week (day,open,close,h_bid) VALUES ('Sunday','None','None','uGykseHzyS5xAMWoN6YUqA')
INSERT INTO Days_of_Week (day,open,close,h_bid) VALUES ('Monday','None','None','uGykseHzyS5xAMWoN6YUqA')
INSERT INTO Days_of_Week (day,open,close,h_bid) VALUES ('Tuesday','None','None','uGykseHzyS5xAMWoN6YUqA')
INSERT INTO Days_of_Week (day,open,close,h_bid) VALUES ('Wednesday','None','None','uGykseHzyS5xAMWoN6YUqA')

# SAMPLE INSERTS INTO Category
INSERT INTO Category (name,c_bid) VALUES ('Doctors','vcNAWiLM4dR7D2nwwJ7nCA')
INSERT INTO Category (name,c_bid) VALUES ('Health & Medical','vcNAWiLM4dR7D2nwwJ7nCA')
INSERT INTO Category (name,c_bid) VALUES ('Restaurants','JwUE5GmEO-sH1FuwJgKBlQ')
INSERT INTO Category (name,c_bid) VALUES ('American (Traditional)','uGykseHzyS5xAMWoN6YUqA')
INSERT INTO Category (name,c_bid) VALUES ('Restaurants','uGykseHzyS5xAMWoN6YUqA')
INSERT INTO Category (name,c_bid) VALUES ('Food','LRKJF43s9-3jG9Lgx4zODg')
INSERT INTO Category (name,c_bid) VALUES ('Ice Cream & Frozen Yogurt','LRKJF43s9-3jG9Lgx4zODg')
INSERT INTO Category (name,c_bid) VALUES ('Fast Food','LRKJF43s9-3jG9Lgx4zODg')
INSERT INTO Category (name,c_bid) VALUES ('Restaurants','LRKJF43s9-3jG9Lgx4zODg')
INSERT INTO Category (name,c_bid) VALUES ('Chinese','RgDg-k9S5YD_BaxMckifkg')

# SAMPLE INSERTS INTO Attributes
INSERT INTO Attributes (a_bid,attr_key,is_parent) VALUES ('vcNAWiLM4dR7D2nwwJ7nCA','By Appointment Only',False)
INSERT INTO Attributes (a_bid,attr_key,is_parent) VALUES ('JwUE5GmEO-sH1FuwJgKBlQ','Waiter Service',False)
INSERT INTO Attributes (a_bid,attr_key,is_parent) VALUES ('JwUE5GmEO-sH1FuwJgKBlQ','Takes Reservations',False)
INSERT INTO Attributes (a_bid,attr_key,is_parent) VALUES ('JwUE5GmEO-sH1FuwJgKBlQ','Good For',True)
INSERT INTO Attributes (a_bid,attr_key,is_parent) VALUES ('JwUE5GmEO-sH1FuwJgKBlQ','latenight',False)
INSERT INTO Attributes (a_bid,attr_key,is_parent) VALUES ('JwUE5GmEO-sH1FuwJgKBlQ','lunch',False)
INSERT INTO Attributes (a_bid,attr_key,is_parent) VALUES ('JwUE5GmEO-sH1FuwJgKBlQ','dessert',False)
INSERT INTO Attributes (a_bid,attr_key,is_parent) VALUES ('JwUE5GmEO-sH1FuwJgKBlQ','breakfast',False)
INSERT INTO Attributes (a_bid,attr_key,is_parent) VALUES ('JwUE5GmEO-sH1FuwJgKBlQ','dinner',False)
INSERT INTO Attributes (a_bid,attr_key,is_parent) VALUES ('JwUE5GmEO-sH1FuwJgKBlQ','brunch',False)

# SAMPLE INSERTS INTO Attributes_VarChar_Value
INSERT INTO Attributes_VarChar_Value (attr_id,value) VALUES ('1031277','True')
INSERT INTO Attributes_VarChar_Value (attr_id,value) VALUES ('1031278','True')
INSERT INTO Attributes_VarChar_Value (attr_id,value) VALUES ('1031279','False')
INSERT INTO Attributes_VarChar_Value (attr_id,value) VALUES ('1031281','False')
INSERT INTO Attributes_VarChar_Value (attr_id,value) VALUES ('1031282','True')
INSERT INTO Attributes_VarChar_Value (attr_id,value) VALUES ('1031283','False')
INSERT INTO Attributes_VarChar_Value (attr_id,value) VALUES ('1031284','False')
INSERT INTO Attributes_VarChar_Value (attr_id,value) VALUES ('1031285','False')
INSERT INTO Attributes_VarChar_Value (attr_id,value) VALUES ('1031286','False')
INSERT INTO Attributes_VarChar_Value (attr_id,value) VALUES ('1031287','True')

# SAMPLE INSERTS INTO child_attributes
INSERT INTO child_attributes (parent,child) VALUES ('1031280','1031281')
INSERT INTO child_attributes (parent,child) VALUES ('1031280','1031282')
INSERT INTO child_attributes (parent,child) VALUES ('1031280','1031283')
INSERT INTO child_attributes (parent,child) VALUES ('1031280','1031284')
INSERT INTO child_attributes (parent,child) VALUES ('1031280','1031285')
INSERT INTO child_attributes (parent,child) VALUES ('1031280','1031286')
INSERT INTO child_attributes (parent,child) VALUES ('1031294','1031295')
INSERT INTO child_attributes (parent,child) VALUES ('1031294','1031296')
INSERT INTO child_attributes (parent,child) VALUES ('1031294','1031297')
INSERT INTO child_attributes (parent,child) VALUES ('1031294','1031298')

# SAMPLE INSERTS INTO Attributes_Int_Value
INSERT INTO Attributes_Int_Value (attr_id,value) VALUES ('1031300','1')
INSERT INTO Attributes_Int_Value (attr_id,value) VALUES ('1031345','1')
INSERT INTO Attributes_Int_Value (attr_id,value) VALUES ('1031354','1')
INSERT INTO Attributes_Int_Value (attr_id,value) VALUES ('1031393','2')
INSERT INTO Attributes_Int_Value (attr_id,value) VALUES ('1031422','2')
INSERT INTO Attributes_Int_Value (attr_id,value) VALUES ('1031454','2')
INSERT INTO Attributes_Int_Value (attr_id,value) VALUES ('1031475','1')
INSERT INTO Attributes_Int_Value (attr_id,value) VALUES ('1031513','1')
INSERT INTO Attributes_Int_Value (attr_id,value) VALUES ('1031552','2')
INSERT INTO Attributes_Int_Value (attr_id,value) VALUES ('1031589','2')